Model,ROC-AUC,PR-AUC,F1,Precision,Recall,Threshold
Logistic Regression,0.7599320907161238,0.38075379790500263,0.4222353636901242,0.3975501113585746,0.4501891551071879,0.61
Random Forest,0.7946980140345573,0.4166233919690875,0.45579078455790784,0.45018450184501846,0.46153846153846156,0.6
XGBoost,0.8014411456733308,0.43366701613094055,0.4594594594594595,0.469119579500657,0.4501891551071879,0.6699999999999999
